<?xml version="1.0" encoding="UTF-8"?>
<project-private xmlns="http://www.netbeans.org/ns/project-private/1">
    <editor-bookmarks xmlns="http://www.netbeans.org/ns/editor-bookmarks/2" lastBookmarkId="0"/>
    <open-files xmlns="http://www.netbeans.org/ns/projectui-open-files/2">
        <group>
            <file>file:/Users/dgomes/Documents/UTFPR/2021/sitios4/Jokenpo/web/index.html</file>
            <file>file:/Users/dgomes/Documents/UTFPR/2021/sitios4/Jokenpo/web/index.xhtml</file>
            <file>file:/Users/dgomes/Documents/UTFPR/2021/sitios4/Jokenpo/src/java/br/edu/utfpr/jokenpo/GamesBean.java</file>
        </group>
    </open-files>
</project-private>
